{"cameraMode":{"drawMode":0,"name":"Shaded","section":"Shading Mode"},"sceneLighting":false,"audioPlay":false,"sceneViewState":{"showFog":true,"showMaterialUpdate":false,"showSkybox":true,"showFlares":true,"showImageEffects":true,"showParticleSystems":true},"in2DMode":false,"pivot":{"x":0.0,"y":0.5719835162162781,"z":-7.450580596923828e-8},"rotation":{"x":0.27739015221595766,"y":-0.4042466878890991,"z":0.1301170438528061,"w":0.8618056178092957},"size":2.1143271923065187,"orthographic":true}