{"cameraMode":{"drawMode":0,"name":"Shaded","section":"Shading Mode"},"sceneLighting":false,"audioPlay":false,"sceneViewState":{"showFog":true,"showMaterialUpdate":false,"showSkybox":true,"showFlares":true,"showImageEffects":true,"showParticleSystems":true},"in2DMode":false,"pivot":{"x":0.01624882221221924,"y":-0.09849488735198975,"z":-0.008666515350341797},"rotation":{"x":0.14160630106925965,"y":-0.2865939736366272,"z":0.042875003069639209,"w":0.9465586543083191},"size":3.5289416313171388,"orthographic":false}