{"cameraMode":{"drawMode":0,"name":"Shaded","section":"Shading Mode"},"sceneLighting":false,"audioPlay":false,"sceneViewState":{"showFog":true,"showMaterialUpdate":false,"showSkybox":true,"showFlares":true,"showImageEffects":true,"showParticleSystems":true},"in2DMode":false,"pivot":{"x":1.275787115097046,"y":0.45914167165756228,"z":-1.059999942779541},"rotation":{"x":0.24683025479316712,"y":-0.06013081222772598,"z":0.015348059125244618,"w":0.9670696258544922},"size":4.537596225738525,"orthographic":true}