{"cameraMode":{"drawMode":0,"name":"Shaded","section":"Shading Mode"},"sceneLighting":false,"audioPlay":false,"sceneViewState":{"showFog":true,"showMaterialUpdate":false,"showSkybox":true,"showFlares":true,"showImageEffects":true,"showParticleSystems":true},"in2DMode":false,"pivot":{"x":4.475787162780762,"y":0.3325567841529846,"z":0.002955913543701172},"rotation":{"x":0.24683025479316712,"y":-0.06013081222772598,"z":0.015348059125244618,"w":0.9670696258544922},"size":4.149409770965576,"orthographic":true}