{"cameraMode":{"drawMode":0,"name":"Shaded","section":"Shading Mode"},"sceneLighting":false,"audioPlay":false,"sceneViewState":{"showFog":true,"showMaterialUpdate":false,"showSkybox":true,"showFlares":true,"showImageEffects":true,"showParticleSystems":true},"in2DMode":false,"pivot":{"x":4.096226692199707,"y":1.1545982360839844,"z":-0.5},"rotation":{"x":0.07132961601018906,"y":-0.01795295998454094,"z":0.0012840046547353268,"w":0.9972904324531555},"size":887.348388671875,"orthographic":true}