{"cameraMode":{"drawMode":0,"name":"Shaded","section":"Shading Mode"},"sceneLighting":false,"audioPlay":false,"sceneViewState":{"showFog":true,"showMaterialUpdate":false,"showSkybox":true,"showFlares":true,"showImageEffects":true,"showParticleSystems":true},"in2DMode":false,"pivot":{"x":3.380782127380371,"y":0.4650000333786011,"z":0.0},"rotation":{"x":0.24683023989200593,"y":-0.060130808502435687,"z":0.015348058193922043,"w":0.9670695662498474},"size":7.956026077270508,"orthographic":true}