{"cameraMode":{"drawMode":0,"name":"Shaded","section":"Shading Mode"},"sceneLighting":false,"audioPlay":false,"sceneViewState":{"showFog":true,"showMaterialUpdate":false,"showSkybox":true,"showFlares":true,"showImageEffects":true,"showParticleSystems":true},"in2DMode":false,"pivot":{"x":0.003000020980834961,"y":0.7799999713897705,"z":-0.018000006675720216},"rotation":{"x":0.039037711918354037,"y":-0.7520599961280823,"z":0.04472438618540764,"w":0.6564156413078308},"size":7.419297218322754,"orthographic":true}