{"cameraMode":{"drawMode":0,"name":"Shaded","section":"Shading Mode"},"sceneLighting":false,"audioPlay":false,"sceneViewState":{"showFog":true,"showMaterialUpdate":false,"showSkybox":true,"showFlares":true,"showImageEffects":true,"showParticleSystems":true},"in2DMode":false,"pivot":{"x":0.3082512617111206,"y":1.2385493516921998,"z":-0.026159048080444337},"rotation":{"x":0.06846193969249726,"y":-0.9292411208152771,"z":0.2883647084236145,"w":0.22061224281787873},"size":1.4289418458938599,"orthographic":true}