{"cameraMode":{"drawMode":0,"name":"Shaded","section":"Shading Mode"},"sceneLighting":false,"audioPlay":false,"sceneViewState":{"showFog":true,"showMaterialUpdate":false,"showSkybox":true,"showFlares":true,"showImageEffects":true,"showParticleSystems":true},"in2DMode":false,"pivot":{"x":1.275787115097046,"y":0.3325567841529846,"z":-1.0570440292358399},"rotation":{"x":0.24683025479316712,"y":-0.06013081222772598,"z":0.015348059125244618,"w":0.9670696258544922},"size":4.14940881729126,"orthographic":true}