{"cameraMode":{"drawMode":0,"name":"Shaded","section":"Shading Mode"},"sceneLighting":false,"audioPlay":false,"sceneViewState":{"showFog":true,"showMaterialUpdate":false,"showSkybox":true,"showFlares":true,"showImageEffects":true,"showParticleSystems":true},"in2DMode":false,"pivot":{"x":0.005912154912948608,"y":0.26604539155960085,"z":0.00236472487449646},"rotation":{"x":0.23390763998031617,"y":-0.11836481094360352,"z":0.028703084215521814,"w":0.9646000266075134},"size":4.648702144622803,"orthographic":true}