{"cameraMode":{"drawMode":0,"name":"Shaded","section":"Shading Mode"},"sceneLighting":false,"audioPlay":false,"sceneViewState":{"showFog":true,"showMaterialUpdate":false,"showSkybox":true,"showFlares":true,"showImageEffects":true,"showParticleSystems":true},"in2DMode":false,"pivot":{"x":0.4745969772338867,"y":1.2274274826049805,"z":-0.013019263744354248},"rotation":{"x":0.15317870676517487,"y":-0.03823326155543327,"z":0.005930015817284584,"w":0.987440824508667},"size":2.3878352642059328,"orthographic":false}